file_id,modality,vocal channel,emotion,intensity,statement,repetition,actor,gender
Actor_01/03-01-01-01-01-01-01.wav,audio-only,speech,neutral,normal,Kids are talking by the door,1st,1,Male
Actor_01/03-01-01-01-01-02-01.wav,audio-only,speech,neutral,normal,Kids are talking by the door,2nd,1,Male
Actor_01/03-01-01-01-02-01-01.wav,audio-only,speech,neutral,normal,Dogs are sitting by the door,1st,1,Male
Actor_01/03-01-01-01-02-02-01.wav,audio-only,speech,neutral,normal,Dogs are sitting by the door,2nd,1,Male
Actor_01/03-01-03-01-01-01-01.wav,audio-only,speech,happy,normal,Kids are talking by the door,1st,1,Male
Actor_01/03-01-03-01-01-02-01.wav,audio-only,speech,happy,normal,Kids are talking by the door,2nd,1,Male
Actor_01/03-01-03-01-02-01-01.wav,audio-only,speech,happy,normal,Dogs are sitting by the door,1st,1,Male
Actor_01/03-01-03-01-02-02-01.wav,audio-only,speech,happy,normal,Dogs are sitting by the door,2nd,1,Male
Actor_01/03-01-03-02-01-01-01.wav,audio-only,speech,happy,strong,Kids are talking by the door,1st,1,Male
Actor_01/03-01-03-02-01-02-01.wav,audio-only,speech,happy,strong,Kids are talking by the door,2nd,1,Male
Actor_01/03-01-03-02-02-01-01.wav,audio-only,speech,happy,strong,Dogs are sitting by the door,1st,1,Male
Actor_01/03-01-03-02-02-02-01.wav,audio-only,speech,happy,strong,Dogs are sitting by the door,2nd,1,Male
Actor_01/03-01-04-01-01-01-01.wav,audio-only,speech,sad,normal,Kids are talking by the door,1st,1,Male
Actor_01/03-01-04-01-01-02-01.wav,audio-only,speech,sad,normal,Kids are talking by the door,2nd,1,Male
Actor_01/03-01-04-01-02-01-01.wav,audio-only,speech,sad,normal,Dogs are sitting by the door,1st,1,Male
Actor_01/03-01-04-01-02-02-01.wav,audio-only,speech,sad,normal,Dogs are sitting by the door,2nd,1,Male
Actor_01/03-01-04-02-01-01-01.wav,audio-only,speech,sad,strong,Kids are talking by the door,1st,1,Male
Actor_01/03-01-04-02-01-02-01.wav,audio-only,speech,sad,strong,Kids are talking by the door,2nd,1,Male
Actor_01/03-01-04-02-02-01-01.wav,audio-only,speech,sad,strong,Dogs are sitting by the door,1st,1,Male
Actor_01/03-01-04-02-02-02-01.wav,audio-only,speech,sad,strong,Dogs are sitting by the door,2nd,1,Male
Actor_01/03-01-05-01-01-01-01.wav,audio-only,speech,angry,normal,Kids are talking by the door,1st,1,Male
Actor_01/03-01-05-01-01-02-01.wav,audio-only,speech,angry,normal,Kids are talking by the door,2nd,1,Male
Actor_01/03-01-05-01-02-01-01.wav,audio-only,speech,angry,normal,Dogs are sitting by the door,1st,1,Male
Actor_01/03-01-05-01-02-02-01.wav,audio-only,speech,angry,normal,Dogs are sitting by the door,2nd,1,Male
Actor_01/03-01-05-02-01-01-01.wav,audio-only,speech,angry,strong,Kids are talking by the door,1st,1,Male
Actor_01/03-01-05-02-01-02-01.wav,audio-only,speech,angry,strong,Kids are talking by the door,2nd,1,Male
Actor_01/03-01-05-02-02-01-01.wav,audio-only,speech,angry,strong,Dogs are sitting by the door,1st,1,Male
Actor_01/03-01-05-02-02-02-01.wav,audio-only,speech,angry,strong,Dogs are sitting by the door,2nd,1,Male
Actor_02/03-01-01-01-01-01-02.wav,audio-only,speech,neutral,normal,Kids are talking by the door,1st,2,Female
Actor_02/03-01-01-01-01-02-02.wav,audio-only,speech,neutral,normal,Kids are talking by the door,2nd,2,Female
Actor_02/03-01-01-01-02-01-02.wav,audio-only,speech,neutral,normal,Dogs are sitting by the door,1st,2,Female
Actor_02/03-01-01-01-02-02-02.wav,audio-only,speech,neutral,normal,Dogs are sitting by the door,2nd,2,Female
Actor_02/03-01-03-01-01-01-02.wav,audio-only,speech,happy,normal,Kids are talking by the door,1st,2,Female
Actor_02/03-01-03-01-01-02-02.wav,audio-only,speech,happy,normal,Kids are talking by the door,2nd,2,Female
Actor_02/03-01-03-01-02-01-02.wav,audio-only,speech,happy,normal,Dogs are sitting by the door,1st,2,Female
Actor_02/03-01-03-01-02-02-02.wav,audio-only,speech,happy,normal,Dogs are sitting by the door,2nd,2,Female
Actor_02/03-01-03-02-01-01-02.wav,audio-only,speech,happy,strong,Kids are talking by the door,1st,2,Female
Actor_02/03-01-03-02-01-02-02.wav,audio-only,speech,happy,strong,Kids are talking by the door,2nd,2,Female
Actor_02/03-01-03-02-02-01-02.wav,audio-only,speech,happy,strong,Dogs are sitting by the door,1st,2,Female
Actor_02/03-01-03-02-02-02-02.wav,audio-only,speech,happy,strong,Dogs are sitting by the door,2nd,2,Female
Actor_02/03-01-04-01-01-01-02.wav,audio-only,speech,sad,normal,Kids are talking by the door,1st,2,Female
Actor_02/03-01-04-01-01-02-02.wav,audio-only,speech,sad,normal,Kids are talking by the door,2nd,2,Female
Actor_02/03-01-04-01-02-01-02.wav,audio-only,speech,sad,normal,Dogs are sitting by the door,1st,2,Female
Actor_02/03-01-04-01-02-02-02.wav,audio-only,speech,sad,normal,Dogs are sitting by the door,2nd,2,Female
Actor_02/03-01-04-02-01-01-02.wav,audio-only,speech,sad,strong,Kids are talking by the door,1st,2,Female
Actor_02/03-01-04-02-01-02-02.wav,audio-only,speech,sad,strong,Kids are talking by the door,2nd,2,Female
Actor_02/03-01-04-02-02-01-02.wav,audio-only,speech,sad,strong,Dogs are sitting by the door,1st,2,Female
Actor_02/03-01-04-02-02-02-02.wav,audio-only,speech,sad,strong,Dogs are sitting by the door,2nd,2,Female
Actor_02/03-01-05-01-01-01-02.wav,audio-only,speech,angry,normal,Kids are talking by the door,1st,2,Female
Actor_02/03-01-05-01-01-02-02.wav,audio-only,speech,angry,normal,Kids are talking by the door,2nd,2,Female
Actor_02/03-01-05-01-02-01-02.wav,audio-only,speech,angry,normal,Dogs are sitting by the door,1st,2,Female
Actor_02/03-01-05-01-02-02-02.wav,audio-only,speech,angry,normal,Dogs are sitting by the door,2nd,2,Female
Actor_02/03-01-05-02-01-01-02.wav,audio-only,speech,angry,strong,Kids are talking by the door,1st,2,Female
Actor_02/03-01-05-02-01-02-02.wav,audio-only,speech,angry,strong,Kids are talking by the door,2nd,2,Female
Actor_02/03-01-05-02-02-01-02.wav,audio-only,speech,angry,strong,Dogs are sitting by the door,1st,2,Female
Actor_02/03-01-05-02-02-02-02.wav,audio-only,speech,angry,strong,Dogs are sitting by the door,2nd,2,Female
Actor_03/03-01-01-01-01-01-03.wav,audio-only,speech,neutral,normal,Kids are talking by the door,1st,3,Male
Actor_03/03-01-01-01-01-02-03.wav,audio-only,speech,neutral,normal,Kids are talking by the door,2nd,3,Male
Actor_03/03-01-01-01-02-01-03.wav,audio-only,speech,neutral,normal,Dogs are sitting by the door,1st,3,Male
Actor_03/03-01-01-01-02-02-03.wav,audio-only,speech,neutral,normal,Dogs are sitting by the door,2nd,3,Male
Actor_03/03-01-03-01-01-01-03.wav,audio-only,speech,happy,normal,Kids are talking by the door,1st,3,Male
Actor_03/03-01-03-01-01-02-03.wav,audio-only,speech,happy,normal,Kids are talking by the door,2nd,3,Male
Actor_03/03-01-03-01-02-01-03.wav,audio-only,speech,happy,normal,Dogs are sitting by the door,1st,3,Male
Actor_03/03-01-03-01-02-02-03.wav,audio-only,speech,happy,normal,Dogs are sitting by the door,2nd,3,Male
Actor_03/03-01-03-02-01-01-03.wav,audio-only,speech,happy,strong,Kids are talking by the door,1st,3,Male
Actor_03/03-01-03-02-01-02-03.wav,audio-only,speech,happy,strong,Kids are talking by the door,2nd,3,Male
Actor_03/03-01-03-02-02-01-03.wav,audio-only,speech,happy,strong,Dogs are sitting by the door,1st,3,Male
Actor_03/03-01-03-02-02-02-03.wav,audio-only,speech,happy,strong,Dogs are sitting by the door,2nd,3,Male
Actor_03/03-01-04-01-01-01-03.wav,audio-only,speech,sad,normal,Kids are talking by the door,1st,3,Male
Actor_03/03-01-04-01-01-02-03.wav,audio-only,speech,sad,normal,Kids are talking by the door,2nd,3,Male
Actor_03/03-01-04-01-02-01-03.wav,audio-only,speech,sad,normal,Dogs are sitting by the door,1st,3,Male
Actor_03/03-01-04-01-02-02-03.wav,audio-only,speech,sad,normal,Dogs are sitting by the door,2nd,3,Male
Actor_03/03-01-04-02-01-01-03.wav,audio-only,speech,sad,strong,Kids are talking by the door,1st,3,Male
Actor_03/03-01-04-02-01-02-03.wav,audio-only,speech,sad,strong,Kids are talking by the door,2nd,3,Male
Actor_03/03-01-04-02-02-01-03.wav,audio-only,speech,sad,strong,Dogs are sitting by the door,1st,3,Male
Actor_03/03-01-04-02-02-02-03.wav,audio-only,speech,sad,strong,Dogs are sitting by the door,2nd,3,Male
Actor_03/03-01-05-01-01-01-03.wav,audio-only,speech,angry,normal,Kids are talking by the door,1st,3,Male
Actor_03/03-01-05-01-01-02-03.wav,audio-only,speech,angry,normal,Kids are talking by the door,2nd,3,Male
Actor_03/03-01-05-01-02-01-03.wav,audio-only,speech,angry,normal,Dogs are sitting by the door,1st,3,Male
Actor_03/03-01-05-01-02-02-03.wav,audio-only,speech,angry,normal,Dogs are sitting by the door,2nd,3,Male
Actor_03/03-01-05-02-01-01-03.wav,audio-only,speech,angry,strong,Kids are talking by the door,1st,3,Male
Actor_03/03-01-05-02-01-02-03.wav,audio-only,speech,angry,strong,Kids are talking by the door,2nd,3,Male
Actor_03/03-01-05-02-02-01-03.wav,audio-only,speech,angry,strong,Dogs are sitting by the door,1st,3,Male
Actor_03/03-01-05-02-02-02-03.wav,audio-only,speech,angry,strong,Dogs are sitting by the door,2nd,3,Male
Actor_04/03-01-01-01-01-01-04.wav,audio-only,speech,neutral,normal,Kids are talking by the door,1st,4,Female
Actor_04/03-01-01-01-01-02-04.wav,audio-only,speech,neutral,normal,Kids are talking by the door,2nd,4,Female
Actor_04/03-01-01-01-02-01-04.wav,audio-only,speech,neutral,normal,Dogs are sitting by the door,1st,4,Female
Actor_04/03-01-01-01-02-02-04.wav,audio-only,speech,neutral,normal,Dogs are sitting by the door,2nd,4,Female
Actor_04/03-01-03-01-01-01-04.wav,audio-only,speech,happy,normal,Kids are talking by the door,1st,4,Female
Actor_04/03-01-03-01-01-02-04.wav,audio-only,speech,happy,normal,Kids are talking by the door,2nd,4,Female
Actor_04/03-01-03-01-02-01-04.wav,audio-only,speech,happy,normal,Dogs are sitting by the door,1st,4,Female
Actor_04/03-01-03-01-02-02-04.wav,audio-only,speech,happy,normal,Dogs are sitting by the door,2nd,4,Female
Actor_04/03-01-03-02-01-01-04.wav,audio-only,speech,happy,strong,Kids are talking by the door,1st,4,Female
Actor_04/03-01-03-02-01-02-04.wav,audio-only,speech,happy,strong,Kids are talking by the door,2nd,4,Female
Actor_04/03-01-03-02-02-01-04.wav,audio-only,speech,happy,strong,Dogs are sitting by the door,1st,4,Female
Actor_04/03-01-03-02-02-02-04.wav,audio-only,speech,happy,strong,Dogs are sitting by the door,2nd,4,Female
Actor_04/03-01-04-01-01-01-04.wav,audio-only,speech,sad,normal,Kids are talking by the door,1st,4,Female
Actor_04/03-01-04-01-01-02-04.wav,audio-only,speech,sad,normal,Kids are talking by the door,2nd,4,Female
Actor_04/03-01-04-01-02-01-04.wav,audio-only,speech,sad,normal,Dogs are sitting by the door,1st,4,Female
Actor_04/03-01-04-01-02-02-04.wav,audio-only,speech,sad,normal,Dogs are sitting by the door,2nd,4,Female
Actor_04/03-01-04-02-01-01-04.wav,audio-only,speech,sad,strong,Kids are talking by the door,1st,4,Female
Actor_04/03-01-04-02-01-02-04.wav,audio-only,speech,sad,strong,Kids are talking by the door,2nd,4,Female
Actor_04/03-01-04-02-02-01-04.wav,audio-only,speech,sad,strong,Dogs are sitting by the door,1st,4,Female
Actor_04/03-01-04-02-02-02-04.wav,audio-only,speech,sad,strong,Dogs are sitting by the door,2nd,4,Female
Actor_04/03-01-05-01-01-01-04.wav,audio-only,speech,angry,normal,Kids are talking by the door,1st,4,Female
Actor_04/03-01-05-01-01-02-04.wav,audio-only,speech,angry,normal,Kids are talking by the door,2nd,4,Female
Actor_04/03-01-05-01-02-01-04.wav,audio-only,speech,angry,normal,Dogs are sitting by the door,1st,4,Female
Actor_04/03-01-05-01-02-02-04.wav,audio-only,speech,angry,normal,Dogs are sitting by the door,2nd,4,Female
Actor_04/03-01-05-02-01-01-04.wav,audio-only,speech,angry,strong,Kids are talking by the door,1st,4,Female
Actor_04/03-01-05-02-01-02-04.wav,audio-only,speech,angry,strong,Kids are talking by the door,2nd,4,Female
Actor_04/03-01-05-02-02-01-04.wav,audio-only,speech,angry,strong,Dogs are sitting by the door,1st,4,Female
Actor_04/03-01-05-02-02-02-04.wav,audio-only,speech,angry,strong,Dogs are sitting by the door,2nd,4,Female
Actor_05/03-01-01-01-01-01-05.wav,audio-only,speech,neutral,normal,Kids are talking by the door,1st,5,Male
Actor_05/03-01-01-01-01-02-05.wav,audio-only,speech,neutral,normal,Kids are talking by the door,2nd,5,Male
Actor_05/03-01-01-01-02-01-05.wav,audio-only,speech,neutral,normal,Dogs are sitting by the door,1st,5,Male
Actor_05/03-01-01-01-02-02-05.wav,audio-only,speech,neutral,normal,Dogs are sitting by the door,2nd,5,Male
Actor_05/03-01-03-01-01-01-05.wav,audio-only,speech,happy,normal,Kids are talking by the door,1st,5,Male
Actor_05/03-01-03-01-01-02-05.wav,audio-only,speech,happy,normal,Kids are talking by the door,2nd,5,Male
Actor_05/03-01-03-01-02-01-05.wav,audio-only,speech,happy,normal,Dogs are sitting by the door,1st,5,Male
Actor_05/03-01-03-01-02-02-05.wav,audio-only,speech,happy,normal,Dogs are sitting by the door,2nd,5,Male
Actor_05/03-01-03-02-01-01-05.wav,audio-only,speech,happy,strong,Kids are talking by the door,1st,5,Male
Actor_05/03-01-03-02-01-02-05.wav,audio-only,speech,happy,strong,Kids are talking by the door,2nd,5,Male
Actor_05/03-01-03-02-02-01-05.wav,audio-only,speech,happy,strong,Dogs are sitting by the door,1st,5,Male
Actor_05/03-01-03-02-02-02-05.wav,audio-only,speech,happy,strong,Dogs are sitting by the door,2nd,5,Male
Actor_05/03-01-04-01-01-01-05.wav,audio-only,speech,sad,normal,Kids are talking by the door,1st,5,Male
Actor_05/03-01-04-01-01-02-05.wav,audio-only,speech,sad,normal,Kids are talking by the door,2nd,5,Male
Actor_05/03-01-04-01-02-01-05.wav,audio-only,speech,sad,normal,Dogs are sitting by the door,1st,5,Male
Actor_05/03-01-04-01-02-02-05.wav,audio-only,speech,sad,normal,Dogs are sitting by the door,2nd,5,Male
Actor_05/03-01-04-02-01-01-05.wav,audio-only,speech,sad,strong,Kids are talking by the door,1st,5,Male
Actor_05/03-01-04-02-01-02-05.wav,audio-only,speech,sad,strong,Kids are talking by the door,2nd,5,Male
Actor_05/03-01-04-02-02-01-05.wav,audio-only,speech,sad,strong,Dogs are sitting by the door,1st,5,Male
Actor_05/03-01-04-02-02-02-05.wav,audio-only,speech,sad,strong,Dogs are sitting by the door,2nd,5,Male
Actor_05/03-01-05-01-01-01-05.wav,audio-only,speech,angry,normal,Kids are talking by the door,1st,5,Male
Actor_05/03-01-05-01-01-02-05.wav,audio-only,speech,angry,normal,Kids are talking by the door,2nd,5,Male
Actor_05/03-01-05-01-02-01-05.wav,audio-only,speech,angry,normal,Dogs are sitting by the door,1st,5,Male
Actor_05/03-01-05-01-02-02-05.wav,audio-only,speech,angry,normal,Dogs are sitting by the door,2nd,5,Male
Actor_05/03-01-05-02-01-01-05.wav,audio-only,speech,angry,strong,Kids are talking by the door,1st,5,Male
Actor_05/03-01-05-02-01-02-05.wav,audio-only,speech,angry,strong,Kids are talking by the door,2nd,5,Male
Actor_05/03-01-05-02-02-01-05.wav,audio-only,speech,angry,strong,Dogs are sitting by the door,1st,5,Male
Actor_05/03-01-05-02-02-02-05.wav,audio-only,speech,angry,strong,Dogs are sitting by the door,2nd,5,Male
Actor_06/03-01-01-01-01-01-06.wav,audio-only,speech,neutral,normal,Kids are talking by the door,1st,6,Female
Actor_06/03-01-01-01-01-02-06.wav,audio-only,speech,neutral,normal,Kids are talking by the door,2nd,6,Female
Actor_06/03-01-01-01-02-01-06.wav,audio-only,speech,neutral,normal,Dogs are sitting by the door,1st,6,Female
Actor_06/03-01-01-01-02-02-06.wav,audio-only,speech,neutral,normal,Dogs are sitting by the door,2nd,6,Female
Actor_06/03-01-03-01-01-01-06.wav,audio-only,speech,happy,normal,Kids are talking by the door,1st,6,Female
Actor_06/03-01-03-01-01-02-06.wav,audio-only,speech,happy,normal,Kids are talking by the door,2nd,6,Female
Actor_06/03-01-03-01-02-01-06.wav,audio-only,speech,happy,normal,Dogs are sitting by the door,1st,6,Female
Actor_06/03-01-03-01-02-02-06.wav,audio-only,speech,happy,normal,Dogs are sitting by the door,2nd,6,Female
Actor_06/03-01-03-02-01-01-06.wav,audio-only,speech,happy,strong,Kids are talking by the door,1st,6,Female
Actor_06/03-01-03-02-01-02-06.wav,audio-only,speech,happy,strong,Kids are talking by the door,2nd,6,Female
Actor_06/03-01-03-02-02-01-06.wav,audio-only,speech,happy,strong,Dogs are sitting by the door,1st,6,Female
Actor_06/03-01-03-02-02-02-06.wav,audio-only,speech,happy,strong,Dogs are sitting by the door,2nd,6,Female
Actor_06/03-01-04-01-01-01-06.wav,audio-only,speech,sad,normal,Kids are talking by the door,1st,6,Female
Actor_06/03-01-04-01-01-02-06.wav,audio-only,speech,sad,normal,Kids are talking by the door,2nd,6,Female
Actor_06/03-01-04-01-02-01-06.wav,audio-only,speech,sad,normal,Dogs are sitting by the door,1st,6,Female
Actor_06/03-01-04-01-02-02-06.wav,audio-only,speech,sad,normal,Dogs are sitting by the door,2nd,6,Female
Actor_06/03-01-04-02-01-01-06.wav,audio-only,speech,sad,strong,Kids are talking by the door,1st,6,Female
Actor_06/03-01-04-02-01-02-06.wav,audio-only,speech,sad,strong,Kids are talking by the door,2nd,6,Female
Actor_06/03-01-04-02-02-01-06.wav,audio-only,speech,sad,strong,Dogs are sitting by the door,1st,6,Female
Actor_06/03-01-04-02-02-02-06.wav,audio-only,speech,sad,strong,Dogs are sitting by the door,2nd,6,Female
Actor_06/03-01-05-01-01-01-06.wav,audio-only,speech,angry,normal,Kids are talking by the door,1st,6,Female
Actor_06/03-01-05-01-01-02-06.wav,audio-only,speech,angry,normal,Kids are talking by the door,2nd,6,Female
Actor_06/03-01-05-01-02-01-06.wav,audio-only,speech,angry,normal,Dogs are sitting by the door,1st,6,Female
Actor_06/03-01-05-01-02-02-06.wav,audio-only,speech,angry,normal,Dogs are sitting by the door,2nd,6,Female
Actor_06/03-01-05-02-01-01-06.wav,audio-only,speech,angry,strong,Kids are talking by the door,1st,6,Female
Actor_06/03-01-05-02-01-02-06.wav,audio-only,speech,angry,strong,Kids are talking by the door,2nd,6,Female
Actor_06/03-01-05-02-02-01-06.wav,audio-only,speech,angry,strong,Dogs are sitting by the door,1st,6,Female
Actor_06/03-01-05-02-02-02-06.wav,audio-only,speech,angry,strong,Dogs are sitting by the door,2nd,6,Female
Actor_07/03-01-01-01-01-01-07.wav,audio-only,speech,neutral,normal,Kids are talking by the door,1st,7,Male
Actor_07/03-01-01-01-01-02-07.wav,audio-only,speech,neutral,normal,Kids are talking by the door,2nd,7,Male
Actor_07/03-01-01-01-02-01-07.wav,audio-only,speech,neutral,normal,Dogs are sitting by the door,1st,7,Male
Actor_07/03-01-01-01-02-02-07.wav,audio-only,speech,neutral,normal,Dogs are sitting by the door,2nd,7,Male
Actor_07/03-01-03-01-01-01-07.wav,audio-only,speech,happy,normal,Kids are talking by the door,1st,7,Male
Actor_07/03-01-03-01-01-02-07.wav,audio-only,speech,happy,normal,Kids are talking by the door,2nd,7,Male
Actor_07/03-01-03-01-02-01-07.wav,audio-only,speech,happy,normal,Dogs are sitting by the door,1st,7,Male
Actor_07/03-01-03-01-02-02-07.wav,audio-only,speech,happy,normal,Dogs are sitting by the door,2nd,7,Male
Actor_07/03-01-03-02-01-01-07.wav,audio-only,speech,happy,strong,Kids are talking by the door,1st,7,Male
Actor_07/03-01-03-02-01-02-07.wav,audio-only,speech,happy,strong,Kids are talking by the door,2nd,7,Male
Actor_07/03-01-03-02-02-01-07.wav,audio-only,speech,happy,strong,Dogs are sitting by the door,1st,7,Male
Actor_07/03-01-03-02-02-02-07.wav,audio-only,speech,happy,strong,Dogs are sitting by the door,2nd,7,Male
Actor_07/03-01-04-01-01-01-07.wav,audio-only,speech,sad,normal,Kids are talking by the door,1st,7,Male
Actor_07/03-01-04-01-01-02-07.wav,audio-only,speech,sad,normal,Kids are talking by the door,2nd,7,Male
Actor_07/03-01-04-01-02-01-07.wav,audio-only,speech,sad,normal,Dogs are sitting by the door,1st,7,Male
Actor_07/03-01-04-01-02-02-07.wav,audio-only,speech,sad,normal,Dogs are sitting by the door,2nd,7,Male
Actor_07/03-01-04-02-01-01-07.wav,audio-only,speech,sad,strong,Kids are talking by the door,1st,7,Male
Actor_07/03-01-04-02-01-02-07.wav,audio-only,speech,sad,strong,Kids are talking by the door,2nd,7,Male
Actor_07/03-01-04-02-02-01-07.wav,audio-only,speech,sad,strong,Dogs are sitting by the door,1st,7,Male
Actor_07/03-01-04-02-02-02-07.wav,audio-only,speech,sad,strong,Dogs are sitting by the door,2nd,7,Male
Actor_07/03-01-05-01-01-01-07.wav,audio-only,speech,angry,normal,Kids are talking by the door,1st,7,Male
Actor_07/03-01-05-01-01-02-07.wav,audio-only,speech,angry,normal,Kids are talking by the door,2nd,7,Male
Actor_07/03-01-05-01-02-01-07.wav,audio-only,speech,angry,normal,Dogs are sitting by the door,1st,7,Male
Actor_07/03-01-05-01-02-02-07.wav,audio-only,speech,angry,normal,Dogs are sitting by the door,2nd,7,Male
Actor_07/03-01-05-02-01-01-07.wav,audio-only,speech,angry,strong,Kids are talking by the door,1st,7,Male
Actor_07/03-01-05-02-01-02-07.wav,audio-only,speech,angry,strong,Kids are talking by the door,2nd,7,Male
Actor_07/03-01-05-02-02-01-07.wav,audio-only,speech,angry,strong,Dogs are sitting by the door,1st,7,Male
Actor_07/03-01-05-02-02-02-07.wav,audio-only,speech,angry,strong,Dogs are sitting by the door,2nd,7,Male
Actor_08/03-01-01-01-01-01-08.wav,audio-only,speech,neutral,normal,Kids are talking by the door,1st,8,Female
Actor_08/03-01-01-01-01-02-08.wav,audio-only,speech,neutral,normal,Kids are talking by the door,2nd,8,Female
Actor_08/03-01-01-01-02-01-08.wav,audio-only,speech,neutral,normal,Dogs are sitting by the door,1st,8,Female
Actor_08/03-01-01-01-02-02-08.wav,audio-only,speech,neutral,normal,Dogs are sitting by the door,2nd,8,Female
Actor_08/03-01-03-01-01-01-08.wav,audio-only,speech,happy,normal,Kids are talking by the door,1st,8,Female
Actor_08/03-01-03-01-01-02-08.wav,audio-only,speech,happy,normal,Kids are talking by the door,2nd,8,Female
Actor_08/03-01-03-01-02-01-08.wav,audio-only,speech,happy,normal,Dogs are sitting by the door,1st,8,Female
Actor_08/03-01-03-01-02-02-08.wav,audio-only,speech,happy,normal,Dogs are sitting by the door,2nd,8,Female
Actor_08/03-01-03-02-01-01-08.wav,audio-only,speech,happy,strong,Kids are talking by the door,1st,8,Female
Actor_08/03-01-03-02-01-02-08.wav,audio-only,speech,happy,strong,Kids are talking by the door,2nd,8,Female
Actor_08/03-01-03-02-02-01-08.wav,audio-only,speech,happy,strong,Dogs are sitting by the door,1st,8,Female
Actor_08/03-01-03-02-02-02-08.wav,audio-only,speech,happy,strong,Dogs are sitting by the door,2nd,8,Female
Actor_08/03-01-04-01-01-01-08.wav,audio-only,speech,sad,normal,Kids are talking by the door,1st,8,Female
Actor_08/03-01-04-01-01-02-08.wav,audio-only,speech,sad,normal,Kids are talking by the door,2nd,8,Female
Actor_08/03-01-04-01-02-01-08.wav,audio-only,speech,sad,normal,Dogs are sitting by the door,1st,8,Female
Actor_08/03-01-04-01-02-02-08.wav,audio-only,speech,sad,normal,Dogs are sitting by the door,2nd,8,Female
Actor_08/03-01-04-02-01-01-08.wav,audio-only,speech,sad,strong,Kids are talking by the door,1st,8,Female
Actor_08/03-01-04-02-01-02-08.wav,audio-only,speech,sad,strong,Kids are talking by the door,2nd,8,Female
Actor_08/03-01-04-02-02-01-08.wav,audio-only,speech,sad,strong,Dogs are sitting by the door,1st,8,Female
Actor_08/03-01-04-02-02-02-08.wav,audio-only,speech,sad,strong,Dogs are sitting by the door,2nd,8,Female
Actor_08/03-01-05-01-01-01-08.wav,audio-only,speech,angry,normal,Kids are talking by the door,1st,8,Female
Actor_08/03-01-05-01-01-02-08.wav,audio-only,speech,angry,normal,Kids are talking by the door,2nd,8,Female
Actor_08/03-01-05-01-02-01-08.wav,audio-only,speech,angry,normal,Dogs are sitting by the door,1st,8,Female
Actor_08/03-01-05-01-02-02-08.wav,audio-only,speech,angry,normal,Dogs are sitting by the door,2nd,8,Female
Actor_08/03-01-05-02-01-01-08.wav,audio-only,speech,angry,strong,Kids are talking by the door,1st,8,Female
Actor_08/03-01-05-02-01-02-08.wav,audio-only,speech,angry,strong,Kids are talking by the door,2nd,8,Female
Actor_08/03-01-05-02-02-01-08.wav,audio-only,speech,angry,strong,Dogs are sitting by the door,1st,8,Female
Actor_08/03-01-05-02-02-02-08.wav,audio-only,speech,angry,strong,Dogs are sitting by the door,2nd,8,Female
Actor_09/03-01-01-01-01-01-09.wav,audio-only,speech,neutral,normal,Kids are talking by the door,1st,9,Male
Actor_09/03-01-01-01-01-02-09.wav,audio-only,speech,neutral,normal,Kids are talking by the door,2nd,9,Male
Actor_09/03-01-01-01-02-01-09.wav,audio-only,speech,neutral,normal,Dogs are sitting by the door,1st,9,Male
Actor_09/03-01-01-01-02-02-09.wav,audio-only,speech,neutral,normal,Dogs are sitting by the door,2nd,9,Male
Actor_09/03-01-03-01-01-01-09.wav,audio-only,speech,happy,normal,Kids are talking by the door,1st,9,Male
Actor_09/03-01-03-01-01-02-09.wav,audio-only,speech,happy,normal,Kids are talking by the door,2nd,9,Male
Actor_09/03-01-03-01-02-01-09.wav,audio-only,speech,happy,normal,Dogs are sitting by the door,1st,9,Male
Actor_09/03-01-03-01-02-02-09.wav,audio-only,speech,happy,normal,Dogs are sitting by the door,2nd,9,Male
Actor_09/03-01-03-02-01-01-09.wav,audio-only,speech,happy,strong,Kids are talking by the door,1st,9,Male
Actor_09/03-01-03-02-01-02-09.wav,audio-only,speech,happy,strong,Kids are talking by the door,2nd,9,Male
Actor_09/03-01-03-02-02-01-09.wav,audio-only,speech,happy,strong,Dogs are sitting by the door,1st,9,Male
Actor_09/03-01-03-02-02-02-09.wav,audio-only,speech,happy,strong,Dogs are sitting by the door,2nd,9,Male
Actor_09/03-01-04-01-01-01-09.wav,audio-only,speech,sad,normal,Kids are talking by the door,1st,9,Male
Actor_09/03-01-04-01-01-02-09.wav,audio-only,speech,sad,normal,Kids are talking by the door,2nd,9,Male
Actor_09/03-01-04-01-02-01-09.wav,audio-only,speech,sad,normal,Dogs are sitting by the door,1st,9,Male
Actor_09/03-01-04-01-02-02-09.wav,audio-only,speech,sad,normal,Dogs are sitting by the door,2nd,9,Male
Actor_09/03-01-04-02-01-01-09.wav,audio-only,speech,sad,strong,Kids are talking by the door,1st,9,Male
Actor_09/03-01-04-02-01-02-09.wav,audio-only,speech,sad,strong,Kids are talking by the door,2nd,9,Male
Actor_09/03-01-04-02-02-01-09.wav,audio-only,speech,sad,strong,Dogs are sitting by the door,1st,9,Male
Actor_09/03-01-04-02-02-02-09.wav,audio-only,speech,sad,strong,Dogs are sitting by the door,2nd,9,Male
Actor_09/03-01-05-01-01-01-09.wav,audio-only,speech,angry,normal,Kids are talking by the door,1st,9,Male
Actor_09/03-01-05-01-01-02-09.wav,audio-only,speech,angry,normal,Kids are talking by the door,2nd,9,Male
Actor_09/03-01-05-01-02-01-09.wav,audio-only,speech,angry,normal,Dogs are sitting by the door,1st,9,Male
Actor_09/03-01-05-01-02-02-09.wav,audio-only,speech,angry,normal,Dogs are sitting by the door,2nd,9,Male
Actor_09/03-01-05-02-01-01-09.wav,audio-only,speech,angry,strong,Kids are talking by the door,1st,9,Male
Actor_09/03-01-05-02-01-02-09.wav,audio-only,speech,angry,strong,Kids are talking by the door,2nd,9,Male
Actor_09/03-01-05-02-02-01-09.wav,audio-only,speech,angry,strong,Dogs are sitting by the door,1st,9,Male
Actor_09/03-01-05-02-02-02-09.wav,audio-only,speech,angry,strong,Dogs are sitting by the door,2nd,9,Male
Actor_10/03-01-01-01-01-01-10.wav,audio-only,speech,neutral,normal,Kids are talking by the door,1st,10,Female
Actor_10/03-01-01-01-01-02-10.wav,audio-only,speech,neutral,normal,Kids are talking by the door,2nd,10,Female
Actor_10/03-01-01-01-02-01-10.wav,audio-only,speech,neutral,normal,Dogs are sitting by the door,1st,10,Female
Actor_10/03-01-01-01-02-02-10.wav,audio-only,speech,neutral,normal,Dogs are sitting by the door,2nd,10,Female
Actor_10/03-01-03-01-01-01-10.wav,audio-only,speech,happy,normal,Kids are talking by the door,1st,10,Female
Actor_10/03-01-03-01-01-02-10.wav,audio-only,speech,happy,normal,Kids are talking by the door,2nd,10,Female
Actor_10/03-01-03-01-02-01-10.wav,audio-only,speech,happy,normal,Dogs are sitting by the door,1st,10,Female
Actor_10/03-01-03-01-02-02-10.wav,audio-only,speech,happy,normal,Dogs are sitting by the door,2nd,10,Female
Actor_10/03-01-03-02-01-01-10.wav,audio-only,speech,happy,strong,Kids are talking by the door,1st,10,Female
Actor_10/03-01-03-02-01-02-10.wav,audio-only,speech,happy,strong,Kids are talking by the door,2nd,10,Female
Actor_10/03-01-03-02-02-01-10.wav,audio-only,speech,happy,strong,Dogs are sitting by the door,1st,10,Female
Actor_10/03-01-03-02-02-02-10.wav,audio-only,speech,happy,strong,Dogs are sitting by the door,2nd,10,Female
Actor_10/03-01-04-01-01-01-10.wav,audio-only,speech,sad,normal,Kids are talking by the door,1st,10,Female
Actor_10/03-01-04-01-01-02-10.wav,audio-only,speech,sad,normal,Kids are talking by the door,2nd,10,Female
Actor_10/03-01-04-01-02-01-10.wav,audio-only,speech,sad,normal,Dogs are sitting by the door,1st,10,Female
Actor_10/03-01-04-01-02-02-10.wav,audio-only,speech,sad,normal,Dogs are sitting by the door,2nd,10,Female
Actor_10/03-01-04-02-01-01-10.wav,audio-only,speech,sad,strong,Kids are talking by the door,1st,10,Female
Actor_10/03-01-04-02-01-02-10.wav,audio-only,speech,sad,strong,Kids are talking by the door,2nd,10,Female
Actor_10/03-01-04-02-02-01-10.wav,audio-only,speech,sad,strong,Dogs are sitting by the door,1st,10,Female
Actor_10/03-01-04-02-02-02-10.wav,audio-only,speech,sad,strong,Dogs are sitting by the door,2nd,10,Female
Actor_10/03-01-05-01-01-01-10.wav,audio-only,speech,angry,normal,Kids are talking by the door,1st,10,Female
Actor_10/03-01-05-01-01-02-10.wav,audio-only,speech,angry,normal,Kids are talking by the door,2nd,10,Female
Actor_10/03-01-05-01-02-01-10.wav,audio-only,speech,angry,normal,Dogs are sitting by the door,1st,10,Female
Actor_10/03-01-05-01-02-02-10.wav,audio-only,speech,angry,normal,Dogs are sitting by the door,2nd,10,Female
Actor_10/03-01-05-02-01-01-10.wav,audio-only,speech,angry,strong,Kids are talking by the door,1st,10,Female
Actor_10/03-01-05-02-01-02-10.wav,audio-only,speech,angry,strong,Kids are talking by the door,2nd,10,Female
Actor_10/03-01-05-02-02-01-10.wav,audio-only,speech,angry,strong,Dogs are sitting by the door,1st,10,Female
Actor_10/03-01-05-02-02-02-10.wav,audio-only,speech,angry,strong,Dogs are sitting by the door,2nd,10,Female
Actor_11/03-01-01-01-01-01-11.wav,audio-only,speech,neutral,normal,Kids are talking by the door,1st,11,Male
Actor_11/03-01-01-01-01-02-11.wav,audio-only,speech,neutral,normal,Kids are talking by the door,2nd,11,Male
Actor_11/03-01-01-01-02-01-11.wav,audio-only,speech,neutral,normal,Dogs are sitting by the door,1st,11,Male
Actor_11/03-01-01-01-02-02-11.wav,audio-only,speech,neutral,normal,Dogs are sitting by the door,2nd,11,Male
Actor_11/03-01-03-01-01-01-11.wav,audio-only,speech,happy,normal,Kids are talking by the door,1st,11,Male
Actor_11/03-01-03-01-01-02-11.wav,audio-only,speech,happy,normal,Kids are talking by the door,2nd,11,Male
Actor_11/03-01-03-01-02-01-11.wav,audio-only,speech,happy,normal,Dogs are sitting by the door,1st,11,Male
Actor_11/03-01-03-01-02-02-11.wav,audio-only,speech,happy,normal,Dogs are sitting by the door,2nd,11,Male
Actor_11/03-01-03-02-01-01-11.wav,audio-only,speech,happy,strong,Kids are talking by the door,1st,11,Male
Actor_11/03-01-03-02-01-02-11.wav,audio-only,speech,happy,strong,Kids are talking by the door,2nd,11,Male
Actor_11/03-01-03-02-02-01-11.wav,audio-only,speech,happy,strong,Dogs are sitting by the door,1st,11,Male
Actor_11/03-01-03-02-02-02-11.wav,audio-only,speech,happy,strong,Dogs are sitting by the door,2nd,11,Male
Actor_11/03-01-04-01-01-01-11.wav,audio-only,speech,sad,normal,Kids are talking by the door,1st,11,Male
Actor_11/03-01-04-01-01-02-11.wav,audio-only,speech,sad,normal,Kids are talking by the door,2nd,11,Male
Actor_11/03-01-04-01-02-01-11.wav,audio-only,speech,sad,normal,Dogs are sitting by the door,1st,11,Male
Actor_11/03-01-04-01-02-02-11.wav,audio-only,speech,sad,normal,Dogs are sitting by the door,2nd,11,Male
Actor_11/03-01-04-02-01-01-11.wav,audio-only,speech,sad,strong,Kids are talking by the door,1st,11,Male
Actor_11/03-01-04-02-01-02-11.wav,audio-only,speech,sad,strong,Kids are talking by the door,2nd,11,Male
Actor_11/03-01-04-02-02-01-11.wav,audio-only,speech,sad,strong,Dogs are sitting by the door,1st,11,Male
Actor_11/03-01-04-02-02-02-11.wav,audio-only,speech,sad,strong,Dogs are sitting by the door,2nd,11,Male
Actor_11/03-01-05-01-01-01-11.wav,audio-only,speech,angry,normal,Kids are talking by the door,1st,11,Male
Actor_11/03-01-05-01-01-02-11.wav,audio-only,speech,angry,normal,Kids are talking by the door,2nd,11,Male
Actor_11/03-01-05-01-02-01-11.wav,audio-only,speech,angry,normal,Dogs are sitting by the door,1st,11,Male
Actor_11/03-01-05-01-02-02-11.wav,audio-only,speech,angry,normal,Dogs are sitting by the door,2nd,11,Male
Actor_11/03-01-05-02-01-01-11.wav,audio-only,speech,angry,strong,Kids are talking by the door,1st,11,Male
Actor_11/03-01-05-02-01-02-11.wav,audio-only,speech,angry,strong,Kids are talking by the door,2nd,11,Male
Actor_11/03-01-05-02-02-01-11.wav,audio-only,speech,angry,strong,Dogs are sitting by the door,1st,11,Male
Actor_11/03-01-05-02-02-02-11.wav,audio-only,speech,angry,strong,Dogs are sitting by the door,2nd,11,Male
Actor_12/03-01-01-01-01-01-12.wav,audio-only,speech,neutral,normal,Kids are talking by the door,1st,12,Female
Actor_12/03-01-01-01-01-02-12.wav,audio-only,speech,neutral,normal,Kids are talking by the door,2nd,12,Female
Actor_12/03-01-01-01-02-01-12.wav,audio-only,speech,neutral,normal,Dogs are sitting by the door,1st,12,Female
Actor_12/03-01-01-01-02-02-12.wav,audio-only,speech,neutral,normal,Dogs are sitting by the door,2nd,12,Female
Actor_12/03-01-03-01-01-01-12.wav,audio-only,speech,happy,normal,Kids are talking by the door,1st,12,Female
Actor_12/03-01-03-01-01-02-12.wav,audio-only,speech,happy,normal,Kids are talking by the door,2nd,12,Female
Actor_12/03-01-03-01-02-01-12.wav,audio-only,speech,happy,normal,Dogs are sitting by the door,1st,12,Female
Actor_12/03-01-03-01-02-02-12.wav,audio-only,speech,happy,normal,Dogs are sitting by the door,2nd,12,Female
Actor_12/03-01-03-02-01-01-12.wav,audio-only,speech,happy,strong,Kids are talking by the door,1st,12,Female
Actor_12/03-01-03-02-01-02-12.wav,audio-only,speech,happy,strong,Kids are talking by the door,2nd,12,Female
Actor_12/03-01-03-02-02-01-12.wav,audio-only,speech,happy,strong,Dogs are sitting by the door,1st,12,Female
Actor_12/03-01-03-02-02-02-12.wav,audio-only,speech,happy,strong,Dogs are sitting by the door,2nd,12,Female
Actor_12/03-01-04-01-01-01-12.wav,audio-only,speech,sad,normal,Kids are talking by the door,1st,12,Female
Actor_12/03-01-04-01-01-02-12.wav,audio-only,speech,sad,normal,Kids are talking by the door,2nd,12,Female
Actor_12/03-01-04-01-02-01-12.wav,audio-only,speech,sad,normal,Dogs are sitting by the door,1st,12,Female
Actor_12/03-01-04-01-02-02-12.wav,audio-only,speech,sad,normal,Dogs are sitting by the door,2nd,12,Female
Actor_12/03-01-04-02-01-01-12.wav,audio-only,speech,sad,strong,Kids are talking by the door,1st,12,Female
Actor_12/03-01-04-02-01-02-12.wav,audio-only,speech,sad,strong,Kids are talking by the door,2nd,12,Female
Actor_12/03-01-04-02-02-01-12.wav,audio-only,speech,sad,strong,Dogs are sitting by the door,1st,12,Female
Actor_12/03-01-04-02-02-02-12.wav,audio-only,speech,sad,strong,Dogs are sitting by the door,2nd,12,Female
Actor_12/03-01-05-01-01-01-12.wav,audio-only,speech,angry,normal,Kids are talking by the door,1st,12,Female
Actor_12/03-01-05-01-01-02-12.wav,audio-only,speech,angry,normal,Kids are talking by the door,2nd,12,Female
Actor_12/03-01-05-01-02-01-12.wav,audio-only,speech,angry,normal,Dogs are sitting by the door,1st,12,Female
Actor_12/03-01-05-01-02-02-12.wav,audio-only,speech,angry,normal,Dogs are sitting by the door,2nd,12,Female
Actor_12/03-01-05-02-01-01-12.wav,audio-only,speech,angry,strong,Kids are talking by the door,1st,12,Female
Actor_12/03-01-05-02-01-02-12.wav,audio-only,speech,angry,strong,Kids are talking by the door,2nd,12,Female
Actor_12/03-01-05-02-02-01-12.wav,audio-only,speech,angry,strong,Dogs are sitting by the door,1st,12,Female
Actor_12/03-01-05-02-02-02-12.wav,audio-only,speech,angry,strong,Dogs are sitting by the door,2nd,12,Female
Actor_13/03-01-01-01-01-01-13.wav,audio-only,speech,neutral,normal,Kids are talking by the door,1st,13,Male
Actor_13/03-01-01-01-01-02-13.wav,audio-only,speech,neutral,normal,Kids are talking by the door,2nd,13,Male
Actor_13/03-01-01-01-02-01-13.wav,audio-only,speech,neutral,normal,Dogs are sitting by the door,1st,13,Male
Actor_13/03-01-01-01-02-02-13.wav,audio-only,speech,neutral,normal,Dogs are sitting by the door,2nd,13,Male
Actor_13/03-01-03-01-01-01-13.wav,audio-only,speech,happy,normal,Kids are talking by the door,1st,13,Male
Actor_13/03-01-03-01-01-02-13.wav,audio-only,speech,happy,normal,Kids are talking by the door,2nd,13,Male
Actor_13/03-01-03-01-02-01-13.wav,audio-only,speech,happy,normal,Dogs are sitting by the door,1st,13,Male
Actor_13/03-01-03-01-02-02-13.wav,audio-only,speech,happy,normal,Dogs are sitting by the door,2nd,13,Male
Actor_13/03-01-03-02-01-01-13.wav,audio-only,speech,happy,strong,Kids are talking by the door,1st,13,Male
Actor_13/03-01-03-02-01-02-13.wav,audio-only,speech,happy,strong,Kids are talking by the door,2nd,13,Male
Actor_13/03-01-03-02-02-01-13.wav,audio-only,speech,happy,strong,Dogs are sitting by the door,1st,13,Male
Actor_13/03-01-03-02-02-02-13.wav,audio-only,speech,happy,strong,Dogs are sitting by the door,2nd,13,Male
Actor_13/03-01-04-01-01-01-13.wav,audio-only,speech,sad,normal,Kids are talking by the door,1st,13,Male
Actor_13/03-01-04-01-01-02-13.wav,audio-only,speech,sad,normal,Kids are talking by the door,2nd,13,Male
Actor_13/03-01-04-01-02-01-13.wav,audio-only,speech,sad,normal,Dogs are sitting by the door,1st,13,Male
Actor_13/03-01-04-01-02-02-13.wav,audio-only,speech,sad,normal,Dogs are sitting by the door,2nd,13,Male
Actor_13/03-01-04-02-01-01-13.wav,audio-only,speech,sad,strong,Kids are talking by the door,1st,13,Male
Actor_13/03-01-04-02-01-02-13.wav,audio-only,speech,sad,strong,Kids are talking by the door,2nd,13,Male
Actor_13/03-01-04-02-02-01-13.wav,audio-only,speech,sad,strong,Dogs are sitting by the door,1st,13,Male
Actor_13/03-01-04-02-02-02-13.wav,audio-only,speech,sad,strong,Dogs are sitting by the door,2nd,13,Male
Actor_13/03-01-05-01-01-01-13.wav,audio-only,speech,angry,normal,Kids are talking by the door,1st,13,Male
Actor_13/03-01-05-01-01-02-13.wav,audio-only,speech,angry,normal,Kids are talking by the door,2nd,13,Male
Actor_13/03-01-05-01-02-01-13.wav,audio-only,speech,angry,normal,Dogs are sitting by the door,1st,13,Male
Actor_13/03-01-05-01-02-02-13.wav,audio-only,speech,angry,normal,Dogs are sitting by the door,2nd,13,Male
Actor_13/03-01-05-02-01-01-13.wav,audio-only,speech,angry,strong,Kids are talking by the door,1st,13,Male
Actor_13/03-01-05-02-01-02-13.wav,audio-only,speech,angry,strong,Kids are talking by the door,2nd,13,Male
Actor_13/03-01-05-02-02-01-13.wav,audio-only,speech,angry,strong,Dogs are sitting by the door,1st,13,Male
Actor_13/03-01-05-02-02-02-13.wav,audio-only,speech,angry,strong,Dogs are sitting by the door,2nd,13,Male
Actor_14/03-01-01-01-01-01-14.wav,audio-only,speech,neutral,normal,Kids are talking by the door,1st,14,Female
Actor_14/03-01-01-01-01-02-14.wav,audio-only,speech,neutral,normal,Kids are talking by the door,2nd,14,Female
Actor_14/03-01-01-01-02-01-14.wav,audio-only,speech,neutral,normal,Dogs are sitting by the door,1st,14,Female
Actor_14/03-01-01-01-02-02-14.wav,audio-only,speech,neutral,normal,Dogs are sitting by the door,2nd,14,Female
Actor_14/03-01-03-01-01-01-14.wav,audio-only,speech,happy,normal,Kids are talking by the door,1st,14,Female
Actor_14/03-01-03-01-01-02-14.wav,audio-only,speech,happy,normal,Kids are talking by the door,2nd,14,Female
Actor_14/03-01-03-01-02-01-14.wav,audio-only,speech,happy,normal,Dogs are sitting by the door,1st,14,Female
Actor_14/03-01-03-01-02-02-14.wav,audio-only,speech,happy,normal,Dogs are sitting by the door,2nd,14,Female
Actor_14/03-01-03-02-01-01-14.wav,audio-only,speech,happy,strong,Kids are talking by the door,1st,14,Female
Actor_14/03-01-03-02-01-02-14.wav,audio-only,speech,happy,strong,Kids are talking by the door,2nd,14,Female
Actor_14/03-01-03-02-02-01-14.wav,audio-only,speech,happy,strong,Dogs are sitting by the door,1st,14,Female
Actor_14/03-01-03-02-02-02-14.wav,audio-only,speech,happy,strong,Dogs are sitting by the door,2nd,14,Female
Actor_14/03-01-04-01-01-01-14.wav,audio-only,speech,sad,normal,Kids are talking by the door,1st,14,Female
Actor_14/03-01-04-01-01-02-14.wav,audio-only,speech,sad,normal,Kids are talking by the door,2nd,14,Female
Actor_14/03-01-04-01-02-01-14.wav,audio-only,speech,sad,normal,Dogs are sitting by the door,1st,14,Female
Actor_14/03-01-04-01-02-02-14.wav,audio-only,speech,sad,normal,Dogs are sitting by the door,2nd,14,Female
Actor_14/03-01-04-02-01-01-14.wav,audio-only,speech,sad,strong,Kids are talking by the door,1st,14,Female
Actor_14/03-01-04-02-01-02-14.wav,audio-only,speech,sad,strong,Kids are talking by the door,2nd,14,Female
Actor_14/03-01-04-02-02-01-14.wav,audio-only,speech,sad,strong,Dogs are sitting by the door,1st,14,Female
Actor_14/03-01-04-02-02-02-14.wav,audio-only,speech,sad,strong,Dogs are sitting by the door,2nd,14,Female
Actor_14/03-01-05-01-01-01-14.wav,audio-only,speech,angry,normal,Kids are talking by the door,1st,14,Female
Actor_14/03-01-05-01-01-02-14.wav,audio-only,speech,angry,normal,Kids are talking by the door,2nd,14,Female
Actor_14/03-01-05-01-02-01-14.wav,audio-only,speech,angry,normal,Dogs are sitting by the door,1st,14,Female
Actor_14/03-01-05-01-02-02-14.wav,audio-only,speech,angry,normal,Dogs are sitting by the door,2nd,14,Female
Actor_14/03-01-05-02-01-01-14.wav,audio-only,speech,angry,strong,Kids are talking by the door,1st,14,Female
Actor_14/03-01-05-02-01-02-14.wav,audio-only,speech,angry,strong,Kids are talking by the door,2nd,14,Female
Actor_14/03-01-05-02-02-01-14.wav,audio-only,speech,angry,strong,Dogs are sitting by the door,1st,14,Female
Actor_14/03-01-05-02-02-02-14.wav,audio-only,speech,angry,strong,Dogs are sitting by the door,2nd,14,Female
Actor_15/03-01-01-01-01-01-15.wav,audio-only,speech,neutral,normal,Kids are talking by the door,1st,15,Male
Actor_15/03-01-01-01-01-02-15.wav,audio-only,speech,neutral,normal,Kids are talking by the door,2nd,15,Male
Actor_15/03-01-01-01-02-01-15.wav,audio-only,speech,neutral,normal,Dogs are sitting by the door,1st,15,Male
Actor_15/03-01-01-01-02-02-15.wav,audio-only,speech,neutral,normal,Dogs are sitting by the door,2nd,15,Male
Actor_15/03-01-03-01-01-01-15.wav,audio-only,speech,happy,normal,Kids are talking by the door,1st,15,Male
Actor_15/03-01-03-01-01-02-15.wav,audio-only,speech,happy,normal,Kids are talking by the door,2nd,15,Male
Actor_15/03-01-03-01-02-01-15.wav,audio-only,speech,happy,normal,Dogs are sitting by the door,1st,15,Male
Actor_15/03-01-03-01-02-02-15.wav,audio-only,speech,happy,normal,Dogs are sitting by the door,2nd,15,Male
Actor_15/03-01-03-02-01-01-15.wav,audio-only,speech,happy,strong,Kids are talking by the door,1st,15,Male
Actor_15/03-01-03-02-01-02-15.wav,audio-only,speech,happy,strong,Kids are talking by the door,2nd,15,Male
Actor_15/03-01-03-02-02-01-15.wav,audio-only,speech,happy,strong,Dogs are sitting by the door,1st,15,Male
Actor_15/03-01-03-02-02-02-15.wav,audio-only,speech,happy,strong,Dogs are sitting by the door,2nd,15,Male
Actor_15/03-01-04-01-01-01-15.wav,audio-only,speech,sad,normal,Kids are talking by the door,1st,15,Male
Actor_15/03-01-04-01-01-02-15.wav,audio-only,speech,sad,normal,Kids are talking by the door,2nd,15,Male
Actor_15/03-01-04-01-02-01-15.wav,audio-only,speech,sad,normal,Dogs are sitting by the door,1st,15,Male
Actor_15/03-01-04-01-02-02-15.wav,audio-only,speech,sad,normal,Dogs are sitting by the door,2nd,15,Male
Actor_15/03-01-04-02-01-01-15.wav,audio-only,speech,sad,strong,Kids are talking by the door,1st,15,Male
Actor_15/03-01-04-02-01-02-15.wav,audio-only,speech,sad,strong,Kids are talking by the door,2nd,15,Male
Actor_15/03-01-04-02-02-01-15.wav,audio-only,speech,sad,strong,Dogs are sitting by the door,1st,15,Male
Actor_15/03-01-04-02-02-02-15.wav,audio-only,speech,sad,strong,Dogs are sitting by the door,2nd,15,Male
Actor_15/03-01-05-01-01-01-15.wav,audio-only,speech,angry,normal,Kids are talking by the door,1st,15,Male
Actor_15/03-01-05-01-01-02-15.wav,audio-only,speech,angry,normal,Kids are talking by the door,2nd,15,Male
Actor_15/03-01-05-01-02-01-15.wav,audio-only,speech,angry,normal,Dogs are sitting by the door,1st,15,Male
Actor_15/03-01-05-01-02-02-15.wav,audio-only,speech,angry,normal,Dogs are sitting by the door,2nd,15,Male
Actor_15/03-01-05-02-01-01-15.wav,audio-only,speech,angry,strong,Kids are talking by the door,1st,15,Male
Actor_15/03-01-05-02-01-02-15.wav,audio-only,speech,angry,strong,Kids are talking by the door,2nd,15,Male
Actor_15/03-01-05-02-02-01-15.wav,audio-only,speech,angry,strong,Dogs are sitting by the door,1st,15,Male
Actor_15/03-01-05-02-02-02-15.wav,audio-only,speech,angry,strong,Dogs are sitting by the door,2nd,15,Male
Actor_16/03-01-01-01-01-01-16.wav,audio-only,speech,neutral,normal,Kids are talking by the door,1st,16,Female
Actor_16/03-01-01-01-01-02-16.wav,audio-only,speech,neutral,normal,Kids are talking by the door,2nd,16,Female
Actor_16/03-01-01-01-02-01-16.wav,audio-only,speech,neutral,normal,Dogs are sitting by the door,1st,16,Female
Actor_16/03-01-01-01-02-02-16.wav,audio-only,speech,neutral,normal,Dogs are sitting by the door,2nd,16,Female
Actor_16/03-01-03-01-01-01-16.wav,audio-only,speech,happy,normal,Kids are talking by the door,1st,16,Female
Actor_16/03-01-03-01-01-02-16.wav,audio-only,speech,happy,normal,Kids are talking by the door,2nd,16,Female
Actor_16/03-01-03-01-02-01-16.wav,audio-only,speech,happy,normal,Dogs are sitting by the door,1st,16,Female
Actor_16/03-01-03-01-02-02-16.wav,audio-only,speech,happy,normal,Dogs are sitting by the door,2nd,16,Female
Actor_16/03-01-03-02-01-01-16.wav,audio-only,speech,happy,strong,Kids are talking by the door,1st,16,Female
Actor_16/03-01-03-02-01-02-16.wav,audio-only,speech,happy,strong,Kids are talking by the door,2nd,16,Female
Actor_16/03-01-03-02-02-01-16.wav,audio-only,speech,happy,strong,Dogs are sitting by the door,1st,16,Female
Actor_16/03-01-03-02-02-02-16.wav,audio-only,speech,happy,strong,Dogs are sitting by the door,2nd,16,Female
Actor_16/03-01-04-01-01-01-16.wav,audio-only,speech,sad,normal,Kids are talking by the door,1st,16,Female
Actor_16/03-01-04-01-01-02-16.wav,audio-only,speech,sad,normal,Kids are talking by the door,2nd,16,Female
Actor_16/03-01-04-01-02-01-16.wav,audio-only,speech,sad,normal,Dogs are sitting by the door,1st,16,Female
Actor_16/03-01-04-01-02-02-16.wav,audio-only,speech,sad,normal,Dogs are sitting by the door,2nd,16,Female
Actor_16/03-01-04-02-01-01-16.wav,audio-only,speech,sad,strong,Kids are talking by the door,1st,16,Female
Actor_16/03-01-04-02-01-02-16.wav,audio-only,speech,sad,strong,Kids are talking by the door,2nd,16,Female
Actor_16/03-01-04-02-02-01-16.wav,audio-only,speech,sad,strong,Dogs are sitting by the door,1st,16,Female
Actor_16/03-01-04-02-02-02-16.wav,audio-only,speech,sad,strong,Dogs are sitting by the door,2nd,16,Female
Actor_16/03-01-05-01-01-01-16.wav,audio-only,speech,angry,normal,Kids are talking by the door,1st,16,Female
Actor_16/03-01-05-01-01-02-16.wav,audio-only,speech,angry,normal,Kids are talking by the door,2nd,16,Female
Actor_16/03-01-05-01-02-01-16.wav,audio-only,speech,angry,normal,Dogs are sitting by the door,1st,16,Female
Actor_16/03-01-05-01-02-02-16.wav,audio-only,speech,angry,normal,Dogs are sitting by the door,2nd,16,Female
Actor_16/03-01-05-02-01-01-16.wav,audio-only,speech,angry,strong,Kids are talking by the door,1st,16,Female
Actor_16/03-01-05-02-01-02-16.wav,audio-only,speech,angry,strong,Kids are talking by the door,2nd,16,Female
Actor_16/03-01-05-02-02-01-16.wav,audio-only,speech,angry,strong,Dogs are sitting by the door,1st,16,Female
Actor_16/03-01-05-02-02-02-16.wav,audio-only,speech,angry,strong,Dogs are sitting by the door,2nd,16,Female
Actor_17/03-01-01-01-01-01-17.wav,audio-only,speech,neutral,normal,Kids are talking by the door,1st,17,Male
Actor_17/03-01-01-01-01-02-17.wav,audio-only,speech,neutral,normal,Kids are talking by the door,2nd,17,Male
Actor_17/03-01-01-01-02-01-17.wav,audio-only,speech,neutral,normal,Dogs are sitting by the door,1st,17,Male
Actor_17/03-01-01-01-02-02-17.wav,audio-only,speech,neutral,normal,Dogs are sitting by the door,2nd,17,Male
Actor_17/03-01-03-01-01-01-17.wav,audio-only,speech,happy,normal,Kids are talking by the door,1st,17,Male
Actor_17/03-01-03-01-01-02-17.wav,audio-only,speech,happy,normal,Kids are talking by the door,2nd,17,Male
Actor_17/03-01-03-01-02-01-17.wav,audio-only,speech,happy,normal,Dogs are sitting by the door,1st,17,Male
Actor_17/03-01-03-01-02-02-17.wav,audio-only,speech,happy,normal,Dogs are sitting by the door,2nd,17,Male
Actor_17/03-01-03-02-01-01-17.wav,audio-only,speech,happy,strong,Kids are talking by the door,1st,17,Male
Actor_17/03-01-03-02-01-02-17.wav,audio-only,speech,happy,strong,Kids are talking by the door,2nd,17,Male
Actor_17/03-01-03-02-02-01-17.wav,audio-only,speech,happy,strong,Dogs are sitting by the door,1st,17,Male
Actor_17/03-01-03-02-02-02-17.wav,audio-only,speech,happy,strong,Dogs are sitting by the door,2nd,17,Male
Actor_17/03-01-04-01-01-01-17.wav,audio-only,speech,sad,normal,Kids are talking by the door,1st,17,Male
Actor_17/03-01-04-01-01-02-17.wav,audio-only,speech,sad,normal,Kids are talking by the door,2nd,17,Male
Actor_17/03-01-04-01-02-01-17.wav,audio-only,speech,sad,normal,Dogs are sitting by the door,1st,17,Male
Actor_17/03-01-04-01-02-02-17.wav,audio-only,speech,sad,normal,Dogs are sitting by the door,2nd,17,Male
Actor_17/03-01-04-02-01-01-17.wav,audio-only,speech,sad,strong,Kids are talking by the door,1st,17,Male
Actor_17/03-01-04-02-01-02-17.wav,audio-only,speech,sad,strong,Kids are talking by the door,2nd,17,Male
Actor_17/03-01-04-02-02-01-17.wav,audio-only,speech,sad,strong,Dogs are sitting by the door,1st,17,Male
Actor_17/03-01-04-02-02-02-17.wav,audio-only,speech,sad,strong,Dogs are sitting by the door,2nd,17,Male
Actor_17/03-01-05-01-01-01-17.wav,audio-only,speech,angry,normal,Kids are talking by the door,1st,17,Male
Actor_17/03-01-05-01-01-02-17.wav,audio-only,speech,angry,normal,Kids are talking by the door,2nd,17,Male
Actor_17/03-01-05-01-02-01-17.wav,audio-only,speech,angry,normal,Dogs are sitting by the door,1st,17,Male
Actor_17/03-01-05-01-02-02-17.wav,audio-only,speech,angry,normal,Dogs are sitting by the door,2nd,17,Male
Actor_17/03-01-05-02-01-01-17.wav,audio-only,speech,angry,strong,Kids are talking by the door,1st,17,Male
Actor_17/03-01-05-02-01-02-17.wav,audio-only,speech,angry,strong,Kids are talking by the door,2nd,17,Male
Actor_17/03-01-05-02-02-01-17.wav,audio-only,speech,angry,strong,Dogs are sitting by the door,1st,17,Male
Actor_17/03-01-05-02-02-02-17.wav,audio-only,speech,angry,strong,Dogs are sitting by the door,2nd,17,Male
Actor_18/03-01-01-01-01-01-18.wav,audio-only,speech,neutral,normal,Kids are talking by the door,1st,18,Female
Actor_18/03-01-01-01-01-02-18.wav,audio-only,speech,neutral,normal,Kids are talking by the door,2nd,18,Female
Actor_18/03-01-01-01-02-01-18.wav,audio-only,speech,neutral,normal,Dogs are sitting by the door,1st,18,Female
Actor_18/03-01-01-01-02-02-18.wav,audio-only,speech,neutral,normal,Dogs are sitting by the door,2nd,18,Female
Actor_18/03-01-03-01-01-01-18.wav,audio-only,speech,happy,normal,Kids are talking by the door,1st,18,Female
Actor_18/03-01-03-01-01-02-18.wav,audio-only,speech,happy,normal,Kids are talking by the door,2nd,18,Female
Actor_18/03-01-03-01-02-01-18.wav,audio-only,speech,happy,normal,Dogs are sitting by the door,1st,18,Female
Actor_18/03-01-03-01-02-02-18.wav,audio-only,speech,happy,normal,Dogs are sitting by the door,2nd,18,Female
Actor_18/03-01-03-02-01-01-18.wav,audio-only,speech,happy,strong,Kids are talking by the door,1st,18,Female
Actor_18/03-01-03-02-01-02-18.wav,audio-only,speech,happy,strong,Kids are talking by the door,2nd,18,Female
Actor_18/03-01-03-02-02-01-18.wav,audio-only,speech,happy,strong,Dogs are sitting by the door,1st,18,Female
Actor_18/03-01-03-02-02-02-18.wav,audio-only,speech,happy,strong,Dogs are sitting by the door,2nd,18,Female
Actor_18/03-01-04-01-01-01-18.wav,audio-only,speech,sad,normal,Kids are talking by the door,1st,18,Female
Actor_18/03-01-04-01-01-02-18.wav,audio-only,speech,sad,normal,Kids are talking by the door,2nd,18,Female
Actor_18/03-01-04-01-02-01-18.wav,audio-only,speech,sad,normal,Dogs are sitting by the door,1st,18,Female
Actor_18/03-01-04-01-02-02-18.wav,audio-only,speech,sad,normal,Dogs are sitting by the door,2nd,18,Female
Actor_18/03-01-04-02-01-01-18.wav,audio-only,speech,sad,strong,Kids are talking by the door,1st,18,Female
Actor_18/03-01-04-02-01-02-18.wav,audio-only,speech,sad,strong,Kids are talking by the door,2nd,18,Female
Actor_18/03-01-04-02-02-01-18.wav,audio-only,speech,sad,strong,Dogs are sitting by the door,1st,18,Female
Actor_18/03-01-04-02-02-02-18.wav,audio-only,speech,sad,strong,Dogs are sitting by the door,2nd,18,Female
Actor_18/03-01-05-01-01-01-18.wav,audio-only,speech,angry,normal,Kids are talking by the door,1st,18,Female
Actor_18/03-01-05-01-01-02-18.wav,audio-only,speech,angry,normal,Kids are talking by the door,2nd,18,Female
Actor_18/03-01-05-01-02-01-18.wav,audio-only,speech,angry,normal,Dogs are sitting by the door,1st,18,Female
Actor_18/03-01-05-01-02-02-18.wav,audio-only,speech,angry,normal,Dogs are sitting by the door,2nd,18,Female
Actor_18/03-01-05-02-01-01-18.wav,audio-only,speech,angry,strong,Kids are talking by the door,1st,18,Female
Actor_18/03-01-05-02-01-02-18.wav,audio-only,speech,angry,strong,Kids are talking by the door,2nd,18,Female
Actor_18/03-01-05-02-02-01-18.wav,audio-only,speech,angry,strong,Dogs are sitting by the door,1st,18,Female
Actor_18/03-01-05-02-02-02-18.wav,audio-only,speech,angry,strong,Dogs are sitting by the door,2nd,18,Female
Actor_19/03-01-01-01-01-01-19.wav,audio-only,speech,neutral,normal,Kids are talking by the door,1st,19,Male
Actor_19/03-01-01-01-01-02-19.wav,audio-only,speech,neutral,normal,Kids are talking by the door,2nd,19,Male
Actor_19/03-01-01-01-02-01-19.wav,audio-only,speech,neutral,normal,Dogs are sitting by the door,1st,19,Male
Actor_19/03-01-01-01-02-02-19.wav,audio-only,speech,neutral,normal,Dogs are sitting by the door,2nd,19,Male
Actor_19/03-01-03-01-01-01-19.wav,audio-only,speech,happy,normal,Kids are talking by the door,1st,19,Male
Actor_19/03-01-03-01-01-02-19.wav,audio-only,speech,happy,normal,Kids are talking by the door,2nd,19,Male
Actor_19/03-01-03-01-02-01-19.wav,audio-only,speech,happy,normal,Dogs are sitting by the door,1st,19,Male
Actor_19/03-01-03-01-02-02-19.wav,audio-only,speech,happy,normal,Dogs are sitting by the door,2nd,19,Male
Actor_19/03-01-03-02-01-01-19.wav,audio-only,speech,happy,strong,Kids are talking by the door,1st,19,Male
Actor_19/03-01-03-02-01-02-19.wav,audio-only,speech,happy,strong,Kids are talking by the door,2nd,19,Male
Actor_19/03-01-03-02-02-01-19.wav,audio-only,speech,happy,strong,Dogs are sitting by the door,1st,19,Male
Actor_19/03-01-03-02-02-02-19.wav,audio-only,speech,happy,strong,Dogs are sitting by the door,2nd,19,Male
Actor_19/03-01-04-01-01-01-19.wav,audio-only,speech,sad,normal,Kids are talking by the door,1st,19,Male
Actor_19/03-01-04-01-01-02-19.wav,audio-only,speech,sad,normal,Kids are talking by the door,2nd,19,Male
Actor_19/03-01-04-01-02-01-19.wav,audio-only,speech,sad,normal,Dogs are sitting by the door,1st,19,Male
Actor_19/03-01-04-01-02-02-19.wav,audio-only,speech,sad,normal,Dogs are sitting by the door,2nd,19,Male
Actor_19/03-01-04-02-01-01-19.wav,audio-only,speech,sad,strong,Kids are talking by the door,1st,19,Male
Actor_19/03-01-04-02-01-02-19.wav,audio-only,speech,sad,strong,Kids are talking by the door,2nd,19,Male
Actor_19/03-01-04-02-02-01-19.wav,audio-only,speech,sad,strong,Dogs are sitting by the door,1st,19,Male
Actor_19/03-01-04-02-02-02-19.wav,audio-only,speech,sad,strong,Dogs are sitting by the door,2nd,19,Male
Actor_19/03-01-05-01-01-01-19.wav,audio-only,speech,angry,normal,Kids are talking by the door,1st,19,Male
Actor_19/03-01-05-01-01-02-19.wav,audio-only,speech,angry,normal,Kids are talking by the door,2nd,19,Male
Actor_19/03-01-05-01-02-01-19.wav,audio-only,speech,angry,normal,Dogs are sitting by the door,1st,19,Male
Actor_19/03-01-05-01-02-02-19.wav,audio-only,speech,angry,normal,Dogs are sitting by the door,2nd,19,Male
Actor_19/03-01-05-02-01-01-19.wav,audio-only,speech,angry,strong,Kids are talking by the door,1st,19,Male
Actor_19/03-01-05-02-01-02-19.wav,audio-only,speech,angry,strong,Kids are talking by the door,2nd,19,Male
Actor_19/03-01-05-02-02-01-19.wav,audio-only,speech,angry,strong,Dogs are sitting by the door,1st,19,Male
Actor_19/03-01-05-02-02-02-19.wav,audio-only,speech,angry,strong,Dogs are sitting by the door,2nd,19,Male
Actor_20/03-01-01-01-01-01-20.wav,audio-only,speech,neutral,normal,Kids are talking by the door,1st,20,Female
Actor_20/03-01-01-01-01-02-20.wav,audio-only,speech,neutral,normal,Kids are talking by the door,2nd,20,Female
Actor_20/03-01-01-01-02-01-20.wav,audio-only,speech,neutral,normal,Dogs are sitting by the door,1st,20,Female
Actor_20/03-01-01-01-02-02-20.wav,audio-only,speech,neutral,normal,Dogs are sitting by the door,2nd,20,Female
Actor_20/03-01-03-01-01-01-20.wav,audio-only,speech,happy,normal,Kids are talking by the door,1st,20,Female
Actor_20/03-01-03-01-01-02-20.wav,audio-only,speech,happy,normal,Kids are talking by the door,2nd,20,Female
Actor_20/03-01-03-01-02-01-20.wav,audio-only,speech,happy,normal,Dogs are sitting by the door,1st,20,Female
Actor_20/03-01-03-01-02-02-20.wav,audio-only,speech,happy,normal,Dogs are sitting by the door,2nd,20,Female
Actor_20/03-01-03-02-01-01-20.wav,audio-only,speech,happy,strong,Kids are talking by the door,1st,20,Female
Actor_20/03-01-03-02-01-02-20.wav,audio-only,speech,happy,strong,Kids are talking by the door,2nd,20,Female
Actor_20/03-01-03-02-02-01-20.wav,audio-only,speech,happy,strong,Dogs are sitting by the door,1st,20,Female
Actor_20/03-01-03-02-02-02-20.wav,audio-only,speech,happy,strong,Dogs are sitting by the door,2nd,20,Female
Actor_20/03-01-04-01-01-01-20.wav,audio-only,speech,sad,normal,Kids are talking by the door,1st,20,Female
Actor_20/03-01-04-01-01-02-20.wav,audio-only,speech,sad,normal,Kids are talking by the door,2nd,20,Female
Actor_20/03-01-04-01-02-01-20.wav,audio-only,speech,sad,normal,Dogs are sitting by the door,1st,20,Female
Actor_20/03-01-04-01-02-02-20.wav,audio-only,speech,sad,normal,Dogs are sitting by the door,2nd,20,Female
Actor_20/03-01-04-02-01-01-20.wav,audio-only,speech,sad,strong,Kids are talking by the door,1st,20,Female
Actor_20/03-01-04-02-01-02-20.wav,audio-only,speech,sad,strong,Kids are talking by the door,2nd,20,Female
Actor_20/03-01-04-02-02-01-20.wav,audio-only,speech,sad,strong,Dogs are sitting by the door,1st,20,Female
Actor_20/03-01-04-02-02-02-20.wav,audio-only,speech,sad,strong,Dogs are sitting by the door,2nd,20,Female
Actor_20/03-01-05-01-01-01-20.wav,audio-only,speech,angry,normal,Kids are talking by the door,1st,20,Female
Actor_20/03-01-05-01-01-02-20.wav,audio-only,speech,angry,normal,Kids are talking by the door,2nd,20,Female
Actor_20/03-01-05-01-02-01-20.wav,audio-only,speech,angry,normal,Dogs are sitting by the door,1st,20,Female
Actor_20/03-01-05-01-02-02-20.wav,audio-only,speech,angry,normal,Dogs are sitting by the door,2nd,20,Female
Actor_20/03-01-05-02-01-01-20.wav,audio-only,speech,angry,strong,Kids are talking by the door,1st,20,Female
Actor_20/03-01-05-02-01-02-20.wav,audio-only,speech,angry,strong,Kids are talking by the door,2nd,20,Female
Actor_20/03-01-05-02-02-01-20.wav,audio-only,speech,angry,strong,Dogs are sitting by the door,1st,20,Female
Actor_20/03-01-05-02-02-02-20.wav,audio-only,speech,angry,strong,Dogs are sitting by the door,2nd,20,Female
Actor_21/03-01-01-01-01-01-21.wav,audio-only,speech,neutral,normal,Kids are talking by the door,1st,21,Male
Actor_21/03-01-01-01-01-02-21.wav,audio-only,speech,neutral,normal,Kids are talking by the door,2nd,21,Male
Actor_21/03-01-01-01-02-01-21.wav,audio-only,speech,neutral,normal,Dogs are sitting by the door,1st,21,Male
Actor_21/03-01-01-01-02-02-21.wav,audio-only,speech,neutral,normal,Dogs are sitting by the door,2nd,21,Male
Actor_21/03-01-03-01-01-01-21.wav,audio-only,speech,happy,normal,Kids are talking by the door,1st,21,Male
Actor_21/03-01-03-01-01-02-21.wav,audio-only,speech,happy,normal,Kids are talking by the door,2nd,21,Male
Actor_21/03-01-03-01-02-01-21.wav,audio-only,speech,happy,normal,Dogs are sitting by the door,1st,21,Male
Actor_21/03-01-03-01-02-02-21.wav,audio-only,speech,happy,normal,Dogs are sitting by the door,2nd,21,Male
Actor_21/03-01-03-02-01-01-21.wav,audio-only,speech,happy,strong,Kids are talking by the door,1st,21,Male
Actor_21/03-01-03-02-01-02-21.wav,audio-only,speech,happy,strong,Kids are talking by the door,2nd,21,Male
Actor_21/03-01-03-02-02-01-21.wav,audio-only,speech,happy,strong,Dogs are sitting by the door,1st,21,Male
Actor_21/03-01-03-02-02-02-21.wav,audio-only,speech,happy,strong,Dogs are sitting by the door,2nd,21,Male
Actor_21/03-01-04-01-01-01-21.wav,audio-only,speech,sad,normal,Kids are talking by the door,1st,21,Male
Actor_21/03-01-04-01-01-02-21.wav,audio-only,speech,sad,normal,Kids are talking by the door,2nd,21,Male
Actor_21/03-01-04-01-02-01-21.wav,audio-only,speech,sad,normal,Dogs are sitting by the door,1st,21,Male
Actor_21/03-01-04-01-02-02-21.wav,audio-only,speech,sad,normal,Dogs are sitting by the door,2nd,21,Male
Actor_21/03-01-04-02-01-01-21.wav,audio-only,speech,sad,strong,Kids are talking by the door,1st,21,Male
Actor_21/03-01-04-02-01-02-21.wav,audio-only,speech,sad,strong,Kids are talking by the door,2nd,21,Male
Actor_21/03-01-04-02-02-01-21.wav,audio-only,speech,sad,strong,Dogs are sitting by the door,1st,21,Male
Actor_21/03-01-04-02-02-02-21.wav,audio-only,speech,sad,strong,Dogs are sitting by the door,2nd,21,Male
Actor_21/03-01-05-01-01-01-21.wav,audio-only,speech,angry,normal,Kids are talking by the door,1st,21,Male
Actor_21/03-01-05-01-01-02-21.wav,audio-only,speech,angry,normal,Kids are talking by the door,2nd,21,Male
Actor_21/03-01-05-01-02-01-21.wav,audio-only,speech,angry,normal,Dogs are sitting by the door,1st,21,Male
Actor_21/03-01-05-01-02-02-21.wav,audio-only,speech,angry,normal,Dogs are sitting by the door,2nd,21,Male
Actor_21/03-01-05-02-01-01-21.wav,audio-only,speech,angry,strong,Kids are talking by the door,1st,21,Male
Actor_21/03-01-05-02-01-02-21.wav,audio-only,speech,angry,strong,Kids are talking by the door,2nd,21,Male
Actor_21/03-01-05-02-02-01-21.wav,audio-only,speech,angry,strong,Dogs are sitting by the door,1st,21,Male
Actor_21/03-01-05-02-02-02-21.wav,audio-only,speech,angry,strong,Dogs are sitting by the door,2nd,21,Male
Actor_22/03-01-01-01-01-01-22.wav,audio-only,speech,neutral,normal,Kids are talking by the door,1st,22,Female
Actor_22/03-01-01-01-01-02-22.wav,audio-only,speech,neutral,normal,Kids are talking by the door,2nd,22,Female
Actor_22/03-01-01-01-02-01-22.wav,audio-only,speech,neutral,normal,Dogs are sitting by the door,1st,22,Female
Actor_22/03-01-01-01-02-02-22.wav,audio-only,speech,neutral,normal,Dogs are sitting by the door,2nd,22,Female
Actor_22/03-01-03-01-01-01-22.wav,audio-only,speech,happy,normal,Kids are talking by the door,1st,22,Female
Actor_22/03-01-03-01-01-02-22.wav,audio-only,speech,happy,normal,Kids are talking by the door,2nd,22,Female
Actor_22/03-01-03-01-02-01-22.wav,audio-only,speech,happy,normal,Dogs are sitting by the door,1st,22,Female
Actor_22/03-01-03-01-02-02-22.wav,audio-only,speech,happy,normal,Dogs are sitting by the door,2nd,22,Female
Actor_22/03-01-03-02-01-01-22.wav,audio-only,speech,happy,strong,Kids are talking by the door,1st,22,Female
Actor_22/03-01-03-02-01-02-22.wav,audio-only,speech,happy,strong,Kids are talking by the door,2nd,22,Female
Actor_22/03-01-03-02-02-01-22.wav,audio-only,speech,happy,strong,Dogs are sitting by the door,1st,22,Female
Actor_22/03-01-03-02-02-02-22.wav,audio-only,speech,happy,strong,Dogs are sitting by the door,2nd,22,Female
Actor_22/03-01-04-01-01-01-22.wav,audio-only,speech,sad,normal,Kids are talking by the door,1st,22,Female
Actor_22/03-01-04-01-01-02-22.wav,audio-only,speech,sad,normal,Kids are talking by the door,2nd,22,Female
Actor_22/03-01-04-01-02-01-22.wav,audio-only,speech,sad,normal,Dogs are sitting by the door,1st,22,Female
Actor_22/03-01-04-01-02-02-22.wav,audio-only,speech,sad,normal,Dogs are sitting by the door,2nd,22,Female
Actor_22/03-01-04-02-01-01-22.wav,audio-only,speech,sad,strong,Kids are talking by the door,1st,22,Female
Actor_22/03-01-04-02-01-02-22.wav,audio-only,speech,sad,strong,Kids are talking by the door,2nd,22,Female
Actor_22/03-01-04-02-02-01-22.wav,audio-only,speech,sad,strong,Dogs are sitting by the door,1st,22,Female
Actor_22/03-01-04-02-02-02-22.wav,audio-only,speech,sad,strong,Dogs are sitting by the door,2nd,22,Female
Actor_22/03-01-05-01-01-01-22.wav,audio-only,speech,angry,normal,Kids are talking by the door,1st,22,Female
Actor_22/03-01-05-01-01-02-22.wav,audio-only,speech,angry,normal,Kids are talking by the door,2nd,22,Female
Actor_22/03-01-05-01-02-01-22.wav,audio-only,speech,angry,normal,Dogs are sitting by the door,1st,22,Female
Actor_22/03-01-05-01-02-02-22.wav,audio-only,speech,angry,normal,Dogs are sitting by the door,2nd,22,Female
Actor_22/03-01-05-02-01-01-22.wav,audio-only,speech,angry,strong,Kids are talking by the door,1st,22,Female
Actor_22/03-01-05-02-01-02-22.wav,audio-only,speech,angry,strong,Kids are talking by the door,2nd,22,Female
Actor_22/03-01-05-02-02-01-22.wav,audio-only,speech,angry,strong,Dogs are sitting by the door,1st,22,Female
Actor_22/03-01-05-02-02-02-22.wav,audio-only,speech,angry,strong,Dogs are sitting by the door,2nd,22,Female
Actor_23/03-01-01-01-01-01-23.wav,audio-only,speech,neutral,normal,Kids are talking by the door,1st,23,Male
Actor_23/03-01-01-01-01-02-23.wav,audio-only,speech,neutral,normal,Kids are talking by the door,2nd,23,Male
Actor_23/03-01-01-01-02-01-23.wav,audio-only,speech,neutral,normal,Dogs are sitting by the door,1st,23,Male
Actor_23/03-01-01-01-02-02-23.wav,audio-only,speech,neutral,normal,Dogs are sitting by the door,2nd,23,Male
Actor_23/03-01-03-01-01-01-23.wav,audio-only,speech,happy,normal,Kids are talking by the door,1st,23,Male
Actor_23/03-01-03-01-01-02-23.wav,audio-only,speech,happy,normal,Kids are talking by the door,2nd,23,Male
Actor_23/03-01-03-01-02-01-23.wav,audio-only,speech,happy,normal,Dogs are sitting by the door,1st,23,Male
Actor_23/03-01-03-01-02-02-23.wav,audio-only,speech,happy,normal,Dogs are sitting by the door,2nd,23,Male
Actor_23/03-01-03-02-01-01-23.wav,audio-only,speech,happy,strong,Kids are talking by the door,1st,23,Male
Actor_23/03-01-03-02-01-02-23.wav,audio-only,speech,happy,strong,Kids are talking by the door,2nd,23,Male
Actor_23/03-01-03-02-02-01-23.wav,audio-only,speech,happy,strong,Dogs are sitting by the door,1st,23,Male
Actor_23/03-01-03-02-02-02-23.wav,audio-only,speech,happy,strong,Dogs are sitting by the door,2nd,23,Male
Actor_23/03-01-04-01-01-01-23.wav,audio-only,speech,sad,normal,Kids are talking by the door,1st,23,Male
Actor_23/03-01-04-01-01-02-23.wav,audio-only,speech,sad,normal,Kids are talking by the door,2nd,23,Male
Actor_23/03-01-04-01-02-01-23.wav,audio-only,speech,sad,normal,Dogs are sitting by the door,1st,23,Male
Actor_23/03-01-04-01-02-02-23.wav,audio-only,speech,sad,normal,Dogs are sitting by the door,2nd,23,Male
Actor_23/03-01-04-02-01-01-23.wav,audio-only,speech,sad,strong,Kids are talking by the door,1st,23,Male
Actor_23/03-01-04-02-01-02-23.wav,audio-only,speech,sad,strong,Kids are talking by the door,2nd,23,Male
Actor_23/03-01-04-02-02-01-23.wav,audio-only,speech,sad,strong,Dogs are sitting by the door,1st,23,Male
Actor_23/03-01-04-02-02-02-23.wav,audio-only,speech,sad,strong,Dogs are sitting by the door,2nd,23,Male
Actor_23/03-01-05-01-01-01-23.wav,audio-only,speech,angry,normal,Kids are talking by the door,1st,23,Male
Actor_23/03-01-05-01-01-02-23.wav,audio-only,speech,angry,normal,Kids are talking by the door,2nd,23,Male
Actor_23/03-01-05-01-02-01-23.wav,audio-only,speech,angry,normal,Dogs are sitting by the door,1st,23,Male
Actor_23/03-01-05-01-02-02-23.wav,audio-only,speech,angry,normal,Dogs are sitting by the door,2nd,23,Male
Actor_23/03-01-05-02-01-01-23.wav,audio-only,speech,angry,strong,Kids are talking by the door,1st,23,Male
Actor_23/03-01-05-02-01-02-23.wav,audio-only,speech,angry,strong,Kids are talking by the door,2nd,23,Male
Actor_23/03-01-05-02-02-01-23.wav,audio-only,speech,angry,strong,Dogs are sitting by the door,1st,23,Male
Actor_23/03-01-05-02-02-02-23.wav,audio-only,speech,angry,strong,Dogs are sitting by the door,2nd,23,Male
Actor_24/03-01-01-01-01-01-24.wav,audio-only,speech,neutral,normal,Kids are talking by the door,1st,24,Female
Actor_24/03-01-01-01-01-02-24.wav,audio-only,speech,neutral,normal,Kids are talking by the door,2nd,24,Female
Actor_24/03-01-01-01-02-01-24.wav,audio-only,speech,neutral,normal,Dogs are sitting by the door,1st,24,Female
Actor_24/03-01-01-01-02-02-24.wav,audio-only,speech,neutral,normal,Dogs are sitting by the door,2nd,24,Female
Actor_24/03-01-03-01-01-01-24.wav,audio-only,speech,happy,normal,Kids are talking by the door,1st,24,Female
Actor_24/03-01-03-01-01-02-24.wav,audio-only,speech,happy,normal,Kids are talking by the door,2nd,24,Female
Actor_24/03-01-03-01-02-01-24.wav,audio-only,speech,happy,normal,Dogs are sitting by the door,1st,24,Female
Actor_24/03-01-03-01-02-02-24.wav,audio-only,speech,happy,normal,Dogs are sitting by the door,2nd,24,Female
Actor_24/03-01-03-02-01-01-24.wav,audio-only,speech,happy,strong,Kids are talking by the door,1st,24,Female
Actor_24/03-01-03-02-01-02-24.wav,audio-only,speech,happy,strong,Kids are talking by the door,2nd,24,Female
Actor_24/03-01-03-02-02-01-24.wav,audio-only,speech,happy,strong,Dogs are sitting by the door,1st,24,Female
Actor_24/03-01-03-02-02-02-24.wav,audio-only,speech,happy,strong,Dogs are sitting by the door,2nd,24,Female
Actor_24/03-01-04-01-01-01-24.wav,audio-only,speech,sad,normal,Kids are talking by the door,1st,24,Female
Actor_24/03-01-04-01-01-02-24.wav,audio-only,speech,sad,normal,Kids are talking by the door,2nd,24,Female
Actor_24/03-01-04-01-02-01-24.wav,audio-only,speech,sad,normal,Dogs are sitting by the door,1st,24,Female
Actor_24/03-01-04-01-02-02-24.wav,audio-only,speech,sad,normal,Dogs are sitting by the door,2nd,24,Female
Actor_24/03-01-04-02-01-01-24.wav,audio-only,speech,sad,strong,Kids are talking by the door,1st,24,Female
Actor_24/03-01-04-02-01-02-24.wav,audio-only,speech,sad,strong,Kids are talking by the door,2nd,24,Female
Actor_24/03-01-04-02-02-01-24.wav,audio-only,speech,sad,strong,Dogs are sitting by the door,1st,24,Female
Actor_24/03-01-04-02-02-02-24.wav,audio-only,speech,sad,strong,Dogs are sitting by the door,2nd,24,Female
Actor_24/03-01-05-01-01-01-24.wav,audio-only,speech,angry,normal,Kids are talking by the door,1st,24,Female
Actor_24/03-01-05-01-01-02-24.wav,audio-only,speech,angry,normal,Kids are talking by the door,2nd,24,Female
Actor_24/03-01-05-01-02-01-24.wav,audio-only,speech,angry,normal,Dogs are sitting by the door,1st,24,Female
Actor_24/03-01-05-01-02-02-24.wav,audio-only,speech,angry,normal,Dogs are sitting by the door,2nd,24,Female
Actor_24/03-01-05-02-01-01-24.wav,audio-only,speech,angry,strong,Kids are talking by the door,1st,24,Female
Actor_24/03-01-05-02-01-02-24.wav,audio-only,speech,angry,strong,Kids are talking by the door,2nd,24,Female
Actor_24/03-01-05-02-02-01-24.wav,audio-only,speech,angry,strong,Dogs are sitting by the door,1st,24,Female
Actor_24/03-01-05-02-02-02-24.wav,audio-only,speech,angry,strong,Dogs are sitting by the door,2nd,24,Female
